cadence,distance,enhanced_altitude,enhanced_speed,fractional_cadence,heart_rate,position_lat,position_long,temperature,timestamp,unknown_134,unknown_135,unknown_136,unknown_87,unknown_90,activity_event,activity_event_group,activity_event_type,activity_local_timestamp,activity_num_sessions,activity_timestamp,activity_total_timer_time,activity_type,activity_unknown_7,device_ant_device_number,device_ant_network,device_ant_transmission_type,device_battery_status,device_battery_voltage,device_cum_operating_time,device_device_index,device_device_type,device_garmin_product,device_hardware_version,device_manufacturer,device_sensor_position,device_serial_number,device_software_version,device_source_type,device_timestamp,device_unknown_13,device_unknown_15,device_unknown_16,device_unknown_17,device_unknown_23,device_unknown_24,device_unknown_29,device_unknown_30,device_unknown_31,device_unknown_32,device_unknown_8,device_unknown_9
54,0.0,104.60000000000002,1.036,0.5,104,298106670,1446990916,30,2025-03-26 23:32:16,,44,104,,,activity,,stop,2025-03-27 07:43:00,1,2025-03-26 23:43:00,570.537,manual,,,,,,,,creator,,3441,,garmin,,3304429333,13.0,local,2025-03-26 23:32:16,,,,,,,"(None, None, None, None, None, None)",,,,,
54,2.18,104.60000000000002,1.129,0.5,104,298106783,1446990657,30,2025-03-26 23:32:17,,44,104,0.0,,activity,,stop,2025-03-27 07:43:00,1,2025-03-26 23:43:00,570.537,manual,,,,,,,,creator,,3441,,garmin,,3304429333,13.0,local,2025-03-26 23:32:16,,,,,,,"(None, None, None, None, None, None)",,,,,
86,11.86,104.60000000000002,1.913,0.5,104,298106650,1446989339,30,2025-03-26 23:32:20,,44,104,0.0,,activity,,stop,2025-03-27 07:43:00,1,2025-03-26 23:43:00,570.537,manual,,,,,,,,creator,,3441,,garmin,,3304429333,13.0,local,2025-03-26 23:32:16,,,,,,,"(None, None, None, None, None, None)",,,,,
87,29.09,104.20000000000005,3.76,0.5,107,298105665,1446987535,30,2025-03-26 23:32:24,,32,107,894.0,,activity,,stop,2025-03-27 07:43:00,1,2025-03-26 23:43:00,570.537,manual,,,,,,,,creator,,3441,,garmin,,3304429333,13.0,local,2025-03-26 23:32:16,,,,,,,"(None, None, None, None, None, None)",,,,,
88,33.03,103.79999999999995,3.844,0.0,111,298105377,1446987189,30,2025-03-26 23:32:25,,32,111,894.0,,activity,,stop,2025-03-27 07:43:00,1,2025-03-26 23:43:00,570.537,manual,,,,,,,,creator,,3441,,garmin,,3304429333,13.0,local,2025-03-26 23:32:16,,,,,,,"(None, None, None, None, None, None)",,,,,
88,37.18,103.20000000000005,3.91,0.0,114,298105000,1446986954,30,2025-03-26 23:32:26,,32,114,0.0,,activity,,stop,2025-03-27 07:43:00,1,2025-03-26 23:43:00,570.537,manual,,,,,,,,creator,,3441,,garmin,,3304429333,13.0,local,2025-03-26 23:32:16,,,,,,,"(None, None, None, None, None, None)",,,,,
89,46.78,102.79999999999995,4.003,0.0,118,298104016,1446986513,30,2025-03-26 23:32:28,,32,118,0.0,,activity,,stop,2025-03-27 07:43:00,1,2025-03-26 23:43:00,570.537,manual,,,,,,,,creator,,3441,,garmin,,3304429333,13.0,local,2025-03-26 23:32:16,,,,,,,"(None, None, None, None, None, None)",,,,,
90,56.0,102.60000000000002,4.133,0.0,121,298103026,1446986300,30,2025-03-26 23:32:30,,32,121,0.0,,activity,,stop,2025-03-27 07:43:00,1,2025-03-26 23:43:00,570.537,manual,,,,,,,,creator,,3441,,garmin,,3304429333,13.0,local,2025-03-26 23:32:16,,,,,,,"(None, None, None, None, None, None)",,,,,
90,69.6,102.60000000000002,4.189,0.0,124,298101650,1446986746,30,2025-03-26 23:32:33,,44,124,0.0,,activity,,stop,2025-03-27 07:43:00,1,2025-03-26 23:43:00,570.537,manual,,,,,,,,creator,,3441,,garmin,,3304429333,13.0,local,2025-03-26 23:32:16,,,,,,,"(None, None, None, None, None, None)",,,,,
90,74.83,102.60000000000002,4.189,0.0,125,298101190,1446987122,30,2025-03-26 23:32:34,,44,125,0.0,,activity,,stop,2025-03-27 07:43:00,1,2025-03-26 23:43:00,570.537,manual,,,,,,,,creator,,3441,,garmin,,3304429333,13.0,local,2025-03-26 23:32:16,,,,,,,"(None, None, None, None, None, None)",,,,,
89,95.61,102.79999999999995,4.04,0.0,127,298099918,1446989218,30,2025-03-26 23:32:39,,57,127,0.0,,activity,,stop,2025-03-27 07:43:00,1,2025-03-26 23:43:00,570.537,manual,,,,,,,,creator,,3441,,garmin,,3304429333,13.0,local,2025-03-26 23:32:16,,,,,,,"(None, None, None, None, None, None)",,,,,
88,118.42,103.60000000000002,4.106,0.0,130,298099670,1446991856,30,2025-03-26 23:32:44,,72,130,0.0,,activity,,stop,2025-03-27 07:43:00,1,2025-03-26 23:43:00,570.537,manual,,,,,,,,creator,,3441,,garmin,,3304429333,13.0,local,2025-03-26 23:32:16,,,,,,,"(None, None, None, None, None, None)",,,,,
88,125.76,103.60000000000002,4.115,0.0,133,298099407,1446992718,30,2025-03-26 23:32:46,,72,133,0.0,,activity,,stop,2025-03-27 07:43:00,1,2025-03-26 23:43:00,570.537,manual,,,,,,,,creator,,3441,,garmin,,3304429333,13.0,local,2025-03-26 23:32:16,,,,,,,"(None, None, None, None, None, None)",,,,,
89,133.13,103.39999999999998,4.133,0.0,136,298099361,1446993590,30,2025-03-26 23:32:48,,57,136,0.0,,activity,,stop,2025-03-27 07:43:00,1,2025-03-26 23:43:00,570.537,manual,,,,,,,,creator,,3441,,garmin,,3304429333,13.0,local,2025-03-26 23:32:16,,,,,,,"(None, None, None, None, None, None)",,,,,
90,150.1,103.39999999999998,4.152,0.0,138,298099141,1446995582,30,2025-03-26 23:32:52,,44,138,0.0,,activity,,stop,2025-03-27 07:43:00,1,2025-03-26 23:43:00,570.537,manual,,,,,,,,creator,,3441,,garmin,,3304429333,13.0,local,2025-03-26 23:32:16,,,,,,,"(None, None, None, None, None, None)",,,,,
88,173.36,102.39999999999998,4.143,0.0,139,298098923,1446998322,30,2025-03-26 23:32:58,,12,139,0.0,,activity,,stop,2025-03-27 07:43:00,1,2025-03-26 23:43:00,570.537,manual,,,,,,,,creator,,3441,,garmin,,3304429333,13.0,local,2025-03-26 23:32:16,,,,,,,"(None, None, None, None, None, None)",,,,,
88,176.71,102.20000000000005,4.143,0.0,139,298098808,1446998709,30,2025-03-26 23:32:59,,12,139,0.0,,activity,,stop,2025-03-27 07:43:00,1,2025-03-26 23:43:00,570.537,manual,,,,,,,,creator,,3441,,garmin,,3304429333,13.0,local,2025-03-26 23:32:16,,,,,,,"(None, None, None, None, None, None)",,,,,
88,186.75,102.20000000000005,4.124,0.0,139,298098791,1446999869,30,2025-03-26 23:33:02,,12,139,0.0,,activity,,stop,2025-03-27 07:43:00,1,2025-03-26 23:43:00,570.537,manual,,,,,,,,creator,,3441,,garmin,,3304429333,13.0,local,2025-03-26 23:32:16,,,,,,,"(None, None, None, None, None, None)",,,,,
90,207.7,102.60000000000002,4.022,0.0,139,298099606,1447002169,30,2025-03-26 23:33:08,,32,139,0.0,,activity,,stop,2025-03-27 07:43:00,1,2025-03-26 23:43:00,570.537,manual,,,,,,,,creator,,3441,,garmin,,3304429333,13.0,local,2025-03-26 23:32:16,,,,,,,"(None, None, None, None, None, None)",,,,,
91,225.74,102.60000000000002,3.928,0.0,141,298101326,1447003015,30,2025-03-26 23:33:13,,32,141,0.0,,activity,,stop,2025-03-27 07:43:00,1,2025-03-26 23:43:00,570.537,manual,,,,,,,,creator,,3441,,garmin,,3304429333,13.0,local,2025-03-26 23:32:16,,,,,,,"(None, None, None, None, None, None)",,,,,
90,232.75,102.79999999999995,3.882,0.0,144,298102117,1447002895,30,2025-03-26 23:33:15,,32,144,0.0,,activity,,stop,2025-03-27 07:43:00,1,2025-03-26 23:43:00,570.537,manual,,,,,,,,creator,,3441,,garmin,,3304429333,13.0,local,2025-03-26 23:32:16,,,,,,,"(None, None, None, None, None, None)",,,,,
90,246.98,102.79999999999995,3.919,0.0,146,298103612,1447001833,30,2025-03-26 23:33:18,,32,146,0.0,,activity,,stop,2025-03-27 07:43:00,1,2025-03-26 23:43:00,570.537,manual,,,,,,,,creator,,3441,,garmin,,3304429333,13.0,local,2025-03-26 23:32:16,,,,,,,"(None, None, None, None, None, None)",,,,,
89,264.54,102.60000000000002,4.096,0.0,148,298104948,1447000484,30,2025-03-26 23:33:22,,44,148,0.0,,activity,,stop,2025-03-27 07:43:00,1,2025-03-26 23:43:00,570.537,manual,,,,,,,,creator,,3441,,garmin,,3304429333,13.0,local,2025-03-26 23:32:16,,,,,,,"(None, None, None, None, None, None)",,,,,
89,272.35,103.20000000000005,3.928,0.0,149,298105128,1446999566,30,2025-03-26 23:33:24,,44,149,0.0,,activity,,stop,2025-03-27 07:43:00,1,2025-03-26 23:43:00,570.537,manual,,,,,,,,creator,,3441,,garmin,,3304429333,13.0,local,2025-03-26 23:32:16,,,,,,,"(None, None, None, None, None, None)",,,,,
88,282.26,103.20000000000005,4.04,0.0,151,298105154,1446998371,30,2025-03-26 23:33:27,,44,151,0.0,,activity,,stop,2025-03-27 07:43:00,1,2025-03-26 23:43:00,570.537,manual,,,,,,,,creator,,3441,,garmin,,3304429333,13.0,local,2025-03-26 23:32:16,,,,,,,"(None, None, None, None, None, None)",,,,,
90,297.7,103.39999999999998,4.05,0.0,154,298105021,1446996534,30,2025-03-26 23:33:31,,18,154,0.0,,activity,,stop,2025-03-27 07:43:00,1,2025-03-26 23:43:00,570.537,manual,,,,,,,,creator,,3441,,garmin,,3304429333,13.0,local,2025-03-26 23:32:16,,,,,,,"(None, None, None, None, None, None)",,,,,
88,315.6,103.39999999999998,4.05,0.0,154,298104981,1446994410,30,2025-03-26 23:33:35,,18,154,0.0,,activity,,stop,2025-03-27 07:43:00,1,2025-03-26 23:43:00,570.537,manual,,,,,,,,creator,,3441,,garmin,,3304429333,13.0,local,2025-03-26 23:32:16,,,,,,,"(None, None, None, None, None, None)",,,,,
90,337.07,103.20000000000005,4.078,0.0,155,298105195,1446991873,30,2025-03-26 23:33:40,,18,155,0.0,,activity,,stop,2025-03-27 07:43:00,1,2025-03-26 23:43:00,570.537,manual,,,,,,,,creator,,3441,,garmin,,3304429333,13.0,local,2025-03-26 23:32:16,,,,,,,"(None, None, None, None, None, None)",,,,,
91,349.02,102.79999999999995,4.106,0.0,157,298105219,1446990467,30,2025-03-26 23:33:43,,44,157,894.0,,activity,,stop,2025-03-27 07:43:00,1,2025-03-26 23:43:00,570.537,manual,,,,,,,,creator,,3441,,garmin,,3304429333,13.0,local,2025-03-26 23:32:16,,,,,,,"(None, None, None, None, None, None)",,,,,
90,370.29,103.0,4.133,0.0,158,298104913,1446987996,30,2025-03-26 23:33:48,,88,158,0.0,,activity,,stop,2025-03-27 07:43:00,1,2025-03-26 23:43:00,570.537,manual,,,,,,,,creator,,3441,,garmin,,3304429333,13.0,local,2025-03-26 23:32:16,,,,,,,"(None, None, None, None, None, None)",,,,,
90,374.2,103.39999999999998,4.143,0.0,159,298104713,1446987589,30,2025-03-26 23:33:49,,44,159,0.0,,activity,,stop,2025-03-27 07:43:00,1,2025-03-26 23:43:00,570.537,manual,,,,,,,,creator,,3441,,garmin,,3304429333,13.0,local,2025-03-26 23:32:16,,,,,,,"(None, None, None, None, None, None)",,,,,
89,385.57,104.39999999999998,4.143,0.0,159,298103735,1446986778,30,2025-03-26 23:33:52,,44,159,0.0,,activity,,stop,2025-03-27 07:43:00,1,2025-03-26 23:43:00,570.537,manual,,,,,,,,creator,,3441,,garmin,,3304429333,13.0,local,2025-03-26 23:32:16,,,,,,,"(None, None, None, None, None, None)",,,,,
89,393.82,104.60000000000002,4.143,0.0,158,298102919,1446986390,30,2025-03-26 23:33:54,,88,158,0.0,,activity,,stop,2025-03-27 07:43:00,1,2025-03-26 23:43:00,570.537,manual,,,,,,,,creator,,3441,,garmin,,3304429333,13.0,local,2025-03-26 23:32:16,,,,,,,"(None, None, None, None, None, None)",,,,,
88,408.57,104.20000000000005,4.115,0.0,161,298101346,1446986710,30,2025-03-26 23:33:58,,32,161,0.0,,activity,,stop,2025-03-27 07:43:00,1,2025-03-26 23:43:00,570.537,manual,,,,,,,,creator,,3441,,garmin,,3304429333,13.0,local,2025-03-26 23:32:16,,,,,,,"(None, None, None, None, None, None)",,,,,
88,412.87,104.0,4.106,0.0,162,298100974,1446987069,30,2025-03-26 23:33:59,,32,162,0.0,,activity,,stop,2025-03-27 07:43:00,1,2025-03-26 23:43:00,570.537,manual,,,,,,,,creator,,3441,,garmin,,3304429333,13.0,local,2025-03-26 23:32:16,,,,,,,"(None, None, None, None, None, None)",,,,,
88,432.38,103.0,4.078,0.0,164,298099528,1446988719,30,2025-03-26 23:34:04,,25,164,0.0,,activity,,stop,2025-03-27 07:43:00,1,2025-03-26 23:43:00,570.537,manual,,,,,,,,creator,,3441,,garmin,,3304429333,13.0,local,2025-03-26 23:32:16,,,,,,,"(None, None, None, None, None, None)",,,,,
88,436.42,103.0,4.078,0.0,164,298099390,1446989180,30,2025-03-26 23:34:05,,25,164,0.0,,activity,,stop,2025-03-27 07:43:00,1,2025-03-26 23:43:00,570.537,manual,,,,,,,,creator,,3441,,garmin,,3304429333,13.0,local,2025-03-26 23:32:16,,,,,,,"(None, None, None, None, None, None)",,,,,
89,456.32,103.20000000000005,4.059,0.0,165,298099306,1446991535,30,2025-03-26 23:34:10,,25,165,0.0,,activity,,stop,2025-03-27 07:43:00,1,2025-03-26 23:43:00,570.537,manual,,,,,,,,creator,,3441,,garmin,,3304429333,13.0,local,2025-03-26 23:32:16,,,,,,,"(None, None, None, None, None, None)",,,,,
89,476.76,103.39999999999998,4.059,0.0,164,298099378,1446993947,30,2025-03-26 23:34:15,,25,164,0.0,,activity,,stop,2025-03-27 07:43:00,1,2025-03-26 23:43:00,570.537,manual,,,,,,,,creator,,3441,,garmin,,3304429333,13.0,local,2025-03-26 23:32:16,,,,,,,"(None, None, None, None, None, None)",,,,,
89,480.47,103.39999999999998,4.05,0.0,164,298099331,1446994385,30,2025-03-26 23:34:16,,25,164,0.0,,activity,,stop,2025-03-27 07:43:00,1,2025-03-26 23:43:00,570.537,manual,,,,,,,,creator,,3441,,garmin,,3304429333,13.0,local,2025-03-26 23:32:16,,,,,,,"(None, None, None, None, None, None)",,,,,
88,504.32,102.79999999999995,4.04,0.0,166,298099357,1446997196,30,2025-03-26 23:34:22,,25,166,0.0,,activity,,stop,2025-03-27 07:43:00,1,2025-03-26 23:43:00,570.537,manual,,,,,,,,creator,,3441,,garmin,,3304429333,13.0,local,2025-03-26 23:32:16,,,,,,,"(None, None, None, None, None, None)",,,,,
88,508.25,102.60000000000002,4.04,0.0,167,298099322,1446997652,30,2025-03-26 23:34:23,,25,167,0.0,,activity,,stop,2025-03-27 07:43:00,1,2025-03-26 23:43:00,570.537,manual,,,,,,,,creator,,3441,,garmin,,3304429333,13.0,local,2025-03-26 23:32:16,,,,,,,"(None, None, None, None, None, None)",,,,,
88,520.31,102.60000000000002,4.022,0.0,170,298099059,1446999050,30,2025-03-26 23:34:26,,44,170,0.0,,activity,,stop,2025-03-27 07:43:00,1,2025-03-26 23:43:00,570.537,manual,,,,,,,,creator,,3441,,garmin,,3304429333,13.0,local,2025-03-26 23:32:16,,,,,,,"(None, None, None, None, None, None)",,,,,
87,533.17,103.20000000000005,4.022,0.0,173,298099188,1447000547,30,2025-03-26 23:34:29,,57,173,0.0,,activity,,stop,2025-03-27 07:43:00,1,2025-03-26 23:43:00,570.537,manual,,,,,,,,creator,,3441,,garmin,,3304429333,13.0,local,2025-03-26 23:32:16,,,,,,,"(None, None, None, None, None, None)",,,,,
87,548.13,103.20000000000005,4.003,0.0,176,298100387,1447001834,30,2025-03-26 23:34:33,,44,176,0.0,,activity,,stop,2025-03-27 07:43:00,1,2025-03-26 23:43:00,570.537,manual,,,,,,,,creator,,3441,,garmin,,3304429333,13.0,local,2025-03-26 23:32:16,,,,,,,"(None, None, None, None, None, None)",,,,,
87,552.07,103.0,4.003,0.0,177,298100764,1447002063,30,2025-03-26 23:34:34,,44,177,0.0,,activity,,stop,2025-03-27 07:43:00,1,2025-03-26 23:43:00,570.537,manual,,,,,,,,creator,,3441,,garmin,,3304429333,13.0,local,2025-03-26 23:32:16,,,,,,,"(None, None, None, None, None, None)",,,,,
88,565.36,102.79999999999995,4.003,0.0,178,298102105,1447002424,30,2025-03-26 23:34:38,,44,178,894.0,,activity,,stop,2025-03-27 07:43:00,1,2025-03-26 23:43:00,570.537,manual,,,,,,,,creator,,3441,,garmin,,3304429333,13.0,local,2025-03-26 23:32:16,,,,,,,"(None, None, None, None, None, None)",,,,,
87,572.8,103.20000000000005,3.938,0.0,177,298102869,1447002568,30,2025-03-26 23:34:41,,44,177,894.0,,activity,,stop,2025-03-27 07:43:00,1,2025-03-26 23:43:00,570.537,manual,,,,,,,,creator,,3441,,garmin,,3304429333,13.0,local,2025-03-26 23:32:16,,,,,,,"(None, None, None, None, None, None)",,,,,
87,580.68,102.20000000000005,3.406,0.5,178,298103594,1447001884,30,2025-03-26 23:34:43,,32,178,894.0,,activity,,stop,2025-03-27 07:43:00,1,2025-03-26 23:43:00,570.537,manual,,,,,,,,creator,,3441,,garmin,,3304429333,13.0,local,2025-03-26 23:32:16,,,,,,,"(None, None, None, None, None, None)",,,,,
86,600.29,102.20000000000005,3.863,0.0,178,298104924,1447000122,30,2025-03-26 23:34:48,,32,178,0.0,,activity,,stop,2025-03-27 07:43:00,1,2025-03-26 23:43:00,570.537,manual,,,,,,,,creator,,3441,,garmin,,3304429333,13.0,local,2025-03-26 23:32:16,,,,,,,"(None, None, None, None, None, None)",,,,,
87,622.0,103.0,3.798,0.0,177,298105216,1446997564,30,2025-03-26 23:34:54,,44,177,0.0,,activity,,stop,2025-03-27 07:43:00,1,2025-03-26 23:43:00,570.537,manual,,,,,,,,creator,,3441,,garmin,,3304429333,13.0,local,2025-03-26 23:32:16,,,,,,,"(None, None, None, None, None, None)",,,,,
87,644.43,103.39999999999998,3.63,0.0,175,298105473,1446994922,30,2025-03-26 23:35:00,,18,175,0.0,,activity,,stop,2025-03-27 07:43:00,1,2025-03-26 23:43:00,570.537,manual,,,,,,,,creator,,3441,,garmin,,3304429333,13.0,local,2025-03-26 23:32:16,,,,,,,"(None, None, None, None, None, None)",,,,,
90,655.6,103.39999999999998,3.574,0.0,175,298105504,1446993596,30,2025-03-26 23:35:03,,18,175,0.0,,activity,,stop,2025-03-27 07:43:00,1,2025-03-26 23:43:00,570.537,manual,,,,,,,,creator,,3441,,garmin,,3304429333,13.0,local,2025-03-26 23:32:16,,,,,,,"(None, None, None, None, None, None)",,,,,
89,676.41,103.20000000000005,3.77,0.0,174,298105591,1446991117,30,2025-03-26 23:35:08,,32,174,0.0,,activity,,stop,2025-03-27 07:43:00,1,2025-03-26 23:43:00,570.537,manual,,,,,,,,creator,,3441,,garmin,,3304429333,13.0,local,2025-03-26 23:32:16,,,,,,,"(None, None, None, None, None, None)",,,,,
87,683.69,102.79999999999995,3.826,0.0,174,298105571,1446990258,30,2025-03-26 23:35:10,,32,174,0.0,,activity,,stop,2025-03-27 07:43:00,1,2025-03-26 23:43:00,570.537,manual,,,,,,,,creator,,3441,,garmin,,3304429333,13.0,local,2025-03-26 23:32:16,,,,,,,"(None, None, None, None, None, None)",,,,,
86,705.83,102.79999999999995,3.891,0.0,173,298104829,1446987823,30,2025-03-26 23:35:16,,25,173,0.0,,activity,,stop,2025-03-27 07:43:00,1,2025-03-26 23:43:00,570.537,manual,,,,,,,,creator,,3441,,garmin,,3304429333,13.0,local,2025-03-26 23:32:16,,,,,,,"(None, None, None, None, None, None)",,,,,
86,709.61,102.79999999999995,3.891,0.0,173,298104580,1446987468,30,2025-03-26 23:35:17,,25,173,0.0,,activity,,stop,2025-03-27 07:43:00,1,2025-03-26 23:43:00,570.537,manual,,,,,,,,creator,,3441,,garmin,,3304429333,13.0,local,2025-03-26 23:32:16,,,,,,,"(None, None, None, None, None, None)",,,,,
87,727.44,103.79999999999995,3.882,0.0,172,298102973,1446986387,30,2025-03-26 23:35:22,,32,172,0.0,,activity,,stop,2025-03-27 07:43:00,1,2025-03-26 23:43:00,570.537,manual,,,,,,,,creator,,3441,,garmin,,3304429333,13.0,local,2025-03-26 23:32:16,,,,,,,"(None, None, None, None, None, None)",,,,,
87,735.22,104.20000000000005,3.872,0.0,172,298102120,1446986468,30,2025-03-26 23:35:24,,32,172,0.0,,activity,,stop,2025-03-27 07:43:00,1,2025-03-26 23:43:00,570.537,manual,,,,,,,,creator,,3441,,garmin,,3304429333,13.0,local,2025-03-26 23:32:16,,,,,,,"(None, None, None, None, None, None)",,,,,
87,743.26,104.0,3.872,0.0,172,298101284,1446986710,30,2025-03-26 23:35:26,,32,172,0.0,,activity,,stop,2025-03-27 07:43:00,1,2025-03-26 23:43:00,570.537,manual,,,,,,,,creator,,3441,,garmin,,3304429333,13.0,local,2025-03-26 23:32:16,,,,,,,"(None, None, None, None, None, None)",,,,,
89,760.56,104.0,3.844,0.0,173,298099889,1446988045,30,2025-03-26 23:35:31,,108,173,0.0,,activity,,stop,2025-03-27 07:43:00,1,2025-03-26 23:43:00,570.537,manual,,,,,,,,creator,,3441,,garmin,,3304429333,13.0,local,2025-03-26 23:32:16,,,,,,,"(None, None, None, None, None, None)",,,,,
89,780.75,103.0,3.826,0.0,174,298099320,1446990345,30,2025-03-26 23:35:36,,129,174,0.0,,activity,,stop,2025-03-27 07:43:00,1,2025-03-26 23:43:00,570.537,manual,,,,,,,,creator,,3441,,garmin,,3304429333,13.0,local,2025-03-26 23:32:16,,,,,,,"(None, None, None, None, None, None)",,,,,
91,801.07,103.39999999999998,3.816,0.0,172,298099243,1446992764,30,2025-03-26 23:35:41,,72,172,0.0,,activity,,stop,2025-03-27 07:43:00,1,2025-03-26 23:43:00,570.537,manual,,,,,,,,creator,,3441,,garmin,,3304429333,13.0,local,2025-03-26 23:32:16,,,,,,,"(None, None, None, None, None, None)",,,,,
90,809.69,103.39999999999998,3.826,0.0,172,298099200,1446993781,30,2025-03-26 23:35:43,,72,172,0.0,,activity,,stop,2025-03-27 07:43:00,1,2025-03-26 23:43:00,570.537,manual,,,,,,,,creator,,3441,,garmin,,3304429333,13.0,local,2025-03-26 23:32:16,,,,,,,"(None, None, None, None, None, None)",,,,,
88,829.72,103.39999999999998,3.844,0.0,173,298099116,1446996145,30,2025-03-26 23:35:48,,129,173,0.0,,activity,,stop,2025-03-27 07:43:00,1,2025-03-26 23:43:00,570.537,manual,,,,,,,,creator,,3441,,garmin,,3304429333,13.0,local,2025-03-26 23:32:16,,,,,,,"(None, None, None, None, None, None)",,,,,
87,840.13,103.0,3.854,0.0,174,298098973,1446997365,30,2025-03-26 23:35:51,,108,174,0.0,,activity,,stop,2025-03-27 07:43:00,1,2025-03-26 23:43:00,570.537,manual,,,,,,,,creator,,3441,,garmin,,3304429333,13.0,local,2025-03-26 23:32:16,,,,,,,"(None, None, None, None, None, None)",,,,,
87,861.23,102.20000000000005,3.826,0.0,175,298098936,1446999825,30,2025-03-26 23:35:57,,108,175,0.0,,activity,,stop,2025-03-27 07:43:00,1,2025-03-26 23:43:00,570.537,manual,,,,,,,,creator,,3441,,garmin,,3304429333,13.0,local,2025-03-26 23:32:16,,,,,,,"(None, None, None, None, None, None)",,,,,
88,863.72,102.20000000000005,3.816,0.0,175,298098998,1447000117,30,2025-03-26 23:35:58,,108,175,0.0,,activity,,stop,2025-03-27 07:43:00,1,2025-03-26 23:43:00,570.537,manual,,,,,,,,creator,,3441,,garmin,,3304429333,13.0,local,2025-03-26 23:32:16,,,,,,,"(None, None, None, None, None, None)",,,,,
89,880.88,101.79999999999995,3.76,0.0,173,298100152,1447001753,30,2025-03-26 23:36:02,,88,173,,,activity,,stop,2025-03-27 07:43:00,1,2025-03-26 23:43:00,570.537,manual,,,,,,,,creator,,3441,,garmin,,3304429333,13.0,local,2025-03-26 23:32:16,,,,,,,"(None, None, None, None, None, None)",,,,,
87,902.05,102.79999999999995,3.723,0.0,175,298102324,1447002606,30,2025-03-26 23:36:07,,88,175,0.0,,activity,,stop,2025-03-27 07:43:00,1,2025-03-26 23:43:00,570.537,manual,,,,,,,,creator,,3441,,garmin,,3304429333,13.0,local,2025-03-26 23:32:16,,,,,,,"(None, None, None, None, None, None)",,,,,
87,918.74,102.79999999999995,3.779,0.0,177,298103978,1447001665,30,2025-03-26 23:36:11,,88,177,0.0,,activity,,stop,2025-03-27 07:43:00,1,2025-03-26 23:43:00,570.537,manual,,,,,,,,creator,,3441,,garmin,,3304429333,13.0,local,2025-03-26 23:32:16,,,,,,,"(None, None, None, None, None, None)",,,,,
88,937.33,103.0,3.882,0.0,177,298105195,1447000053,30,2025-03-26 23:36:16,,129,177,894.0,,activity,,stop,2025-03-27 07:43:00,1,2025-03-26 23:43:00,570.537,manual,,,,,,,,creator,,3441,,garmin,,3304429333,13.0,local,2025-03-26 23:32:16,,,,,,,"(None, None, None, None, None, None)",,,,,
88,940.18,103.0,3.844,0.0,179,298105179,1446999653,29,2025-03-26 23:36:17,,176,179,894.0,,activity,,stop,2025-03-27 07:43:00,1,2025-03-26 23:43:00,570.537,manual,,,,,,,,creator,,3441,,garmin,,3304429333,13.0,local,2025-03-26 23:32:16,,,,,,,"(None, None, None, None, None, None)",,,,,
88,956.38,103.0,3.938,0.0,175,298105276,1446997715,29,2025-03-26 23:36:21,,176,175,0.0,,activity,,stop,2025-03-27 07:43:00,1,2025-03-26 23:43:00,570.537,manual,,,,,,,,creator,,3441,,garmin,,3304429333,13.0,local,2025-03-26 23:32:16,,,,,,,"(None, None, None, None, None, None)",,,,,
87,964.34,102.79999999999995,3.91,0.0,177,298105260,1446996777,29,2025-03-26 23:36:23,,176,177,0.0,,activity,,stop,2025-03-27 07:43:00,1,2025-03-26 23:43:00,570.537,manual,,,,,,,,creator,,3441,,garmin,,3304429333,13.0,local,2025-03-26 23:32:16,,,,,,,"(None, None, None, None, None, None)",,,,,
87,987.33,103.39999999999998,3.872,0.0,174,298105162,1446994052,29,2025-03-26 23:36:29,,176,174,0.0,,activity,,stop,2025-03-27 07:43:00,1,2025-03-26 23:43:00,570.537,manual,,,,,,,,creator,,3441,,garmin,,3304429333,13.0,local,2025-03-26 23:32:16,,,,,,,"(None, None, None, None, None, None)",,,,,
87,995.04,103.39999999999998,3.891,0.0,175,298105235,1446993145,29,2025-03-26 23:36:31,,176,175,0.0,,activity,,stop,2025-03-27 07:43:00,1,2025-03-26 23:43:00,570.537,manual,,,,,,,,creator,,3441,,garmin,,3304429333,13.0,local,2025-03-26 23:32:16,,,,,,,"(None, None, None, None, None, None)",,,,,
87,999.08,103.39999999999998,3.891,0.0,175,298105269,1446992668,29,2025-03-26 23:36:32,,176,175,0.0,,activity,,stop,2025-03-27 07:43:00,1,2025-03-26 23:43:00,570.537,manual,,,,,,,,creator,,3441,,garmin,,3304429333,13.0,local,2025-03-26 23:32:16,,,,,,,"(None, None, None, None, None, None)",,,,,
87,1003.01,103.39999999999998,3.891,0.0,175,298105276,1446992202,29,2025-03-26 23:36:33,,176,175,0.0,,activity,,stop,2025-03-27 07:43:00,1,2025-03-26 23:43:00,570.537,manual,,,,,,,,creator,,3441,,garmin,,3304429333,13.0,local,2025-03-26 23:32:16,,,,,,,"(None, None, None, None, None, None)",,,,,
88,1025.53,102.79999999999995,3.91,0.0,175,298105241,1446989536,29,2025-03-26 23:36:39,,176,175,0.0,,activity,,stop,2025-03-27 07:43:00,1,2025-03-26 23:43:00,570.537,manual,,,,,,,,creator,,3441,,garmin,,3304429333,13.0,local,2025-03-26 23:32:16,,,,,,,"(None, None, None, None, None, None)",,,,,
89,1032.24,102.79999999999995,3.928,0.0,176,298105016,1446988774,29,2025-03-26 23:36:41,,176,176,0.0,,activity,,stop,2025-03-27 07:43:00,1,2025-03-26 23:43:00,570.537,manual,,,,,,,,creator,,3441,,garmin,,3304429333,13.0,local,2025-03-26 23:32:16,,,,,,,"(None, None, None, None, None, None)",,,,,
86,1048.54,102.79999999999995,3.91,0.0,178,298103730,1446987511,29,2025-03-26 23:36:46,,176,178,0.0,,activity,,stop,2025-03-27 07:43:00,1,2025-03-26 23:43:00,570.537,manual,,,,,,,,creator,,3441,,garmin,,3304429333,13.0,local,2025-03-26 23:32:16,,,,,,,"(None, None, None, None, None, None)",,,,,
86,1068.42,102.79999999999995,3.76,0.0,180,298101656,1446987081,29,2025-03-26 23:36:52,,162,180,0.0,,activity,,stop,2025-03-27 07:43:00,1,2025-03-26 23:43:00,570.537,manual,,,,,,,,creator,,3441,,garmin,,3304429333,13.0,local,2025-03-26 23:32:16,,,,,,,"(None, None, None, None, None, None)",,,,,
86,1072.07,104.0,3.732,0.0,180,298101301,1446987319,29,2025-03-26 23:36:53,,162,180,0.0,,activity,,stop,2025-03-27 07:43:00,1,2025-03-26 23:43:00,570.537,manual,,,,,,,,creator,,3441,,garmin,,3304429333,13.0,local,2025-03-26 23:32:16,,,,,,,"(None, None, None, None, None, None)",,,,,
86,1086.45,104.20000000000005,3.602,0.0,180,298100053,1446988293,29,2025-03-26 23:36:57,,162,180,0.0,,activity,,stop,2025-03-27 07:43:00,1,2025-03-26 23:43:00,570.537,manual,,,,,,,,creator,,3441,,garmin,,3304429333,13.0,local,2025-03-26 23:32:16,,,,,,,"(None, None, None, None, None, None)",,,,,
85,1089.78,102.79999999999995,3.564,0.5,180,298099862,1446988627,29,2025-03-26 23:36:58,,162,180,0.0,,activity,,stop,2025-03-27 07:43:00,1,2025-03-26 23:43:00,570.537,manual,,,,,,,,creator,,3441,,garmin,,3304429333,13.0,local,2025-03-26 23:32:16,,,,,,,"(None, None, None, None, None, None)",,,,,
85,1093.84,102.79999999999995,3.546,0.5,177,298099747,1446989107,29,2025-03-26 23:36:59,,162,177,0.0,,activity,,stop,2025-03-27 07:43:00,1,2025-03-26 23:43:00,570.537,manual,,,,,,,,creator,,3441,,garmin,,3304429333,13.0,local,2025-03-26 23:32:16,,,,,,,"(None, None, None, None, None, None)",,,,,
85,1111.36,103.0,3.452,0.5,178,298099448,1446991171,29,2025-03-26 23:37:04,,147,178,0.0,,activity,,stop,2025-03-27 07:43:00,1,2025-03-26 23:43:00,570.537,manual,,,,,,,,creator,,3441,,garmin,,3304429333,13.0,local,2025-03-26 23:32:16,,,,,,,"(None, None, None, None, None, None)",,,,,
88,1130.16,103.39999999999998,3.396,0.0,175,298099366,1446993384,29,2025-03-26 23:37:10,,108,175,0.0,,activity,,stop,2025-03-27 07:43:00,1,2025-03-26 23:43:00,570.537,manual,,,,,,,,creator,,3441,,garmin,,3304429333,13.0,local,2025-03-26 23:32:16,,,,,,,"(None, None, None, None, None, None)",,,,,
88,1136.67,103.39999999999998,3.387,0.0,175,298099375,1446994154,29,2025-03-26 23:37:12,,108,175,0.0,,activity,,stop,2025-03-27 07:43:00,1,2025-03-26 23:43:00,570.537,manual,,,,,,,,creator,,3441,,garmin,,3304429333,13.0,local,2025-03-26 23:32:16,,,,,,,"(None, None, None, None, None, None)",,,,,
87,1155.88,103.39999999999998,3.275,0.0,175,298099342,1446996428,29,2025-03-26 23:37:18,,108,175,0.0,,activity,,stop,2025-03-27 07:43:00,1,2025-03-26 23:43:00,570.537,manual,,,,,,,,creator,,3441,,garmin,,3304429333,13.0,local,2025-03-26 23:32:16,,,,,,,"(None, None, None, None, None, None)",,,,,
86,1176.96,102.79999999999995,3.21,0.0,175,298099374,1446998913,29,2025-03-26 23:37:25,,108,175,0.0,,activity,,stop,2025-03-27 07:43:00,1,2025-03-26 23:43:00,570.537,manual,,,,,,,,creator,,3441,,garmin,,3304429333,13.0,local,2025-03-26 23:32:16,,,,,,,"(None, None, None, None, None, None)",,,,,
86,1183.63,102.79999999999995,3.21,0.0,175,298099307,1446999702,29,2025-03-26 23:37:27,,108,175,0.0,,activity,,stop,2025-03-27 07:43:00,1,2025-03-26 23:43:00,570.537,manual,,,,,,,,creator,,3441,,garmin,,3304429333,13.0,local,2025-03-26 23:32:16,,,,,,,"(None, None, None, None, None, None)",,,,,
86,1201.21,102.60000000000002,3.2,0.0,175,298100115,1447001541,29,2025-03-26 23:37:33,,129,175,0.0,,activity,,stop,2025-03-27 07:43:00,1,2025-03-26 23:43:00,570.537,manual,,,,,,,,creator,,3441,,garmin,,3304429333,13.0,local,2025-03-26 23:32:16,,,,,,,"(None, None, None, None, None, None)",,,,,
86,1217.32,102.79999999999995,3.2,0.0,176,298101754,1447002039,29,2025-03-26 23:37:38,,88,176,0.0,,activity,,stop,2025-03-27 07:43:00,1,2025-03-26 23:43:00,570.537,manual,,,,,,,,creator,,3441,,garmin,,3304429333,13.0,local,2025-03-26 23:32:16,,,,,,,"(None, None, None, None, None, None)",,,,,
85,1239.66,102.60000000000002,3.172,0.5,176,298103947,1447001003,29,2025-03-26 23:37:45,,88,176,894.0,,activity,,stop,2025-03-27 07:43:00,1,2025-03-26 23:43:00,570.537,manual,,,,,,,,creator,,3441,,garmin,,3304429333,13.0,local,2025-03-26 23:32:16,,,,,,,"(None, None, None, None, None, None)",,,,,
85,1242.86,102.20000000000005,3.172,0.5,177,298104154,1447000682,29,2025-03-26 23:37:46,,162,177,894.0,,activity,,stop,2025-03-27 07:43:00,1,2025-03-26 23:43:00,570.537,manual,,,,,,,,creator,,3441,,garmin,,3304429333,13.0,local,2025-03-26 23:32:16,,,,,,,"(None, None, None, None, None, None)",,,,,
85,1258.08,103.0,3.135,0.5,176,298104847,1446999109,29,2025-03-26 23:37:52,,176,176,,,activity,,stop,2025-03-27 07:43:00,1,2025-03-26 23:43:00,570.537,manual,,,,,,,,creator,,3441,,garmin,,3304429333,13.0,local,2025-03-26 23:32:16,,,,,,,"(None, None, None, None, None, None)",,,,,
85,1277.22,102.79999999999995,2.855,0.5,174,298104916,1446996921,29,2025-03-26 23:37:59,,176,174,0.0,,activity,,stop,2025-03-27 07:43:00,1,2025-03-26 23:43:00,570.537,manual,,,,,,,,creator,,3441,,garmin,,3304429333,13.0,local,2025-03-26 23:32:16,,,,,,,"(None, None, None, None, None, None)",,,,,
0,1277.22,103.39999999999998,1.166,0.0,137,298104902,1446992126,29,2025-03-26 23:39:03,,25,137,,,activity,,stop,2025-03-27 07:43:00,1,2025-03-26 23:43:00,570.537,manual,,,,,,,,creator,,3441,,garmin,,3304429333,13.0,local,2025-03-26 23:32:16,,,,,,,"(None, None, None, None, None, None)",,,,,
0,1278.59,103.39999999999998,0.0,0.0,137,298104904,1446991956,29,2025-03-26 23:39:04,,25,137,0.0,,activity,,stop,2025-03-27 07:43:00,1,2025-03-26 23:43:00,570.537,manual,,,,,,,,creator,,3441,,garmin,,3304429333,13.0,local,2025-03-26 23:32:16,,,,,,,"(None, None, None, None, None, None)",,,,,
88,1291.86,103.39999999999998,0.0,0.5,137,298104937,1446990206,29,2025-03-26 23:39:08,,25,137,0.0,,activity,,stop,2025-03-27 07:43:00,1,2025-03-26 23:43:00,570.537,manual,,,,,,,,creator,,3441,,garmin,,3304429333,13.0,local,2025-03-26 23:32:16,,,,,,,"(None, None, None, None, None, None)",,,,,
92,1310.1,102.79999999999995,4.609,0.0,137,298104103,1446988216,29,2025-03-26 23:39:12,,32,137,0.0,,activity,,stop,2025-03-27 07:43:00,1,2025-03-26 23:43:00,570.537,manual,,,,,,,,creator,,3441,,garmin,,3304429333,13.0,local,2025-03-26 23:32:16,,,,,,,"(None, None, None, None, None, None)",,,,,
92,1320.37,102.79999999999995,4.693,0.0,139,298103055,1446987741,29,2025-03-26 23:39:14,,32,139,0.0,,activity,,stop,2025-03-27 07:43:00,1,2025-03-26 23:43:00,570.537,manual,,,,,,,,creator,,3441,,garmin,,3304429333,13.0,local,2025-03-26 23:32:16,,,,,,,"(None, None, None, None, None, None)",,,,,
92,1330.82,102.79999999999995,4.712,0.0,143,298101912,1446987408,29,2025-03-26 23:39:16,,25,143,0.0,,activity,,stop,2025-03-27 07:43:00,1,2025-03-26 23:43:00,570.537,manual,,,,,,,,creator,,3441,,garmin,,3304429333,13.0,local,2025-03-26 23:32:16,,,,,,,"(None, None, None, None, None, None)",,,,,
92,1341.15,104.0,4.945,0.0,146,298100812,1446987709,29,2025-03-26 23:39:18,,25,146,0.0,,activity,,stop,2025-03-27 07:43:00,1,2025-03-26 23:43:00,570.537,manual,,,,,,,,creator,,3441,,garmin,,3304429333,13.0,local,2025-03-26 23:32:16,,,,,,,"(None, None, None, None, None, None)",,,,,
93,1346.25,104.0,4.955,0.0,150,298100326,1446988010,29,2025-03-26 23:39:19,,25,150,0.0,,activity,,stop,2025-03-27 07:43:00,1,2025-03-26 23:43:00,570.537,manual,,,,,,,,creator,,3441,,garmin,,3304429333,13.0,local,2025-03-26 23:32:16,,,,,,,"(None, None, None, None, None, None)",,,,,
93,1351.02,104.0,4.973,0.0,151,298099924,1446988373,29,2025-03-26 23:39:20,,32,151,0.0,,activity,,stop,2025-03-27 07:43:00,1,2025-03-26 23:43:00,570.537,manual,,,,,,,,creator,,3441,,garmin,,3304429333,13.0,local,2025-03-26 23:32:16,,,,,,,"(None, None, None, None, None, None)",,,,,
93,1355.71,104.0,4.973,0.0,152,298099626,1446988839,29,2025-03-26 23:39:21,,57,152,0.0,0.0,activity,,stop,2025-03-27 07:43:00,1,2025-03-26 23:43:00,570.537,manual,,,,,,,,creator,,3441,,garmin,,3304429333,13.0,local,2025-03-26 23:32:16,,,,,,,"(None, None, None, None, None, None)",,,,,
93,1360.66,104.0,4.945,0.0,152,298099361,1446989356,29,2025-03-26 23:39:22,,57,152,0.0,0.0,activity,,stop,2025-03-27 07:43:00,1,2025-03-26 23:43:00,570.537,manual,,,,,,,,creator,,3441,,garmin,,3304429333,13.0,local,2025-03-26 23:32:16,,,,,,,"(None, None, None, None, None, None)",,,,,
92,1364.99,104.0,4.852,0.0,151,298099185,1446989812,29,2025-03-26 23:39:23,,88,151,0.0,0.0,activity,,stop,2025-03-27 07:43:00,1,2025-03-26 23:43:00,570.537,manual,,,,,,,,creator,,3441,,garmin,,3304429333,13.0,local,2025-03-26 23:32:16,,,,,,,"(None, None, None, None, None, None)",,,,,
92,1369.24,104.0,4.824,0.0,151,298099096,1446990338,29,2025-03-26 23:39:24,,88,151,0.0,0.0,activity,,stop,2025-03-27 07:43:00,1,2025-03-26 23:43:00,570.537,manual,,,,,,,,creator,,3441,,garmin,,3304429333,13.0,local,2025-03-26 23:32:16,,,,,,,"(None, None, None, None, None, None)",,,,,
92,1373.46,103.0,4.74,0.0,150,298099044,1446990829,29,2025-03-26 23:39:25,,108,150,0.0,0.0,activity,,stop,2025-03-27 07:43:00,1,2025-03-26 23:43:00,570.537,manual,,,,,,,,creator,,3441,,garmin,,3304429333,13.0,local,2025-03-26 23:32:16,,,,,,,"(None, None, None, None, None, None)",,,,,
92,1381.41,103.0,4.656,0.0,153,298099094,1446991701,29,2025-03-26 23:39:27,,108,153,0.0,0.0,activity,,stop,2025-03-27 07:43:00,1,2025-03-26 23:43:00,570.537,manual,,,,,,,,creator,,3441,,garmin,,3304429333,13.0,local,2025-03-26 23:32:16,,,,,,,"(None, None, None, None, None, None)",,,,,
91,1385.51,103.0,4.581,0.0,158,298099100,1446992184,29,2025-03-26 23:39:28,,72,158,0.0,0.0,activity,,stop,2025-03-27 07:43:00,1,2025-03-26 23:43:00,570.537,manual,,,,,,,,creator,,3441,,garmin,,3304429333,13.0,local,2025-03-26 23:32:16,,,,,,,"(None, None, None, None, None, None)",,,,,
90,1389.48,103.0,4.516,0.0,161,298099096,1446992658,29,2025-03-26 23:39:29,,44,161,0.0,0.0,activity,,stop,2025-03-27 07:43:00,1,2025-03-26 23:43:00,570.537,manual,,,,,,,,creator,,3441,,garmin,,3304429333,13.0,local,2025-03-26 23:32:16,,,,,,,"(None, None, None, None, None, None)",,,,,
90,1397.38,102.79999999999995,4.385,0.0,165,298099131,1446993608,29,2025-03-26 23:39:31,,44,165,0.0,0.0,activity,,stop,2025-03-27 07:43:00,1,2025-03-26 23:43:00,570.537,manual,,,,,,,,creator,,3441,,garmin,,3304429333,13.0,local,2025-03-26 23:32:16,,,,,,,"(None, None, None, None, None, None)",,,,,
88,1411.91,103.39999999999998,4.236,0.0,167,298099200,1446995311,29,2025-03-26 23:39:35,,108,167,0.0,0.0,activity,,stop,2025-03-27 07:43:00,1,2025-03-26 23:43:00,570.537,manual,,,,,,,,creator,,3441,,garmin,,3304429333,13.0,local,2025-03-26 23:32:16,,,,,,,"(None, None, None, None, None, None)",,,,,
86,1433.62,103.0,3.966,0.0,169,298099181,1446997860,29,2025-03-26 23:39:41,,129,169,894.0,0.0,activity,,stop,2025-03-27 07:43:00,1,2025-03-26 23:43:00,570.537,manual,,,,,,,,creator,,3441,,garmin,,3304429333,13.0,local,2025-03-26 23:32:16,,,,,,,"(None, None, None, None, None, None)",,,,,
88,1440.09,103.0,3.938,0.0,168,298099179,1446998629,29,2025-03-26 23:39:43,,176,168,894.0,0.0,activity,,stop,2025-03-27 07:43:00,1,2025-03-26 23:43:00,570.537,manual,,,,,,,,creator,,3441,,garmin,,3304429333,13.0,local,2025-03-26 23:32:16,,,,,,,"(None, None, None, None, None, None)",,,,,
89,1461.81,102.79999999999995,3.704,0.0,168,298099768,1447001064,29,2025-03-26 23:39:49,,176,168,0.0,0.0,activity,,stop,2025-03-27 07:43:00,1,2025-03-26 23:43:00,570.537,manual,,,,,,,,creator,,3441,,garmin,,3304429333,13.0,local,2025-03-26 23:32:16,,,,,,,"(None, None, None, None, None, None)",,,,,
90,1481.97,102.79999999999995,3.714,0.0,168,298101607,1447002295,29,2025-03-26 23:39:54,,176,168,0.0,0.0,activity,,stop,2025-03-27 07:43:00,1,2025-03-26 23:43:00,570.537,manual,,,,,,,,creator,,3441,,garmin,,3304429333,13.0,local,2025-03-26 23:32:16,,,,,,,"(None, None, None, None, None, None)",,,,,
89,1498.37,102.79999999999995,3.816,0.0,170,298103323,1447001601,29,2025-03-26 23:39:58,,147,170,0.0,0.0,activity,,stop,2025-03-27 07:43:00,1,2025-03-26 23:43:00,570.537,manual,,,,,,,,creator,,3441,,garmin,,3304429333,13.0,local,2025-03-26 23:32:16,,,,,,,"(None, None, None, None, None, None)",,,,,
89,1518.8,103.0,3.798,0.0,170,298104877,1446999839,29,2025-03-26 23:40:02,,147,170,0.0,0.0,activity,,stop,2025-03-27 07:43:00,1,2025-03-26 23:43:00,570.537,manual,,,,,,,,creator,,3441,,garmin,,3304429333,13.0,local,2025-03-26 23:32:16,,,,,,,"(None, None, None, None, None, None)",,,,,
89,1522.64,103.0,3.798,0.0,170,298105050,1446999414,29,2025-03-26 23:40:03,,147,170,0.0,0.0,activity,,stop,2025-03-27 07:43:00,1,2025-03-26 23:43:00,570.537,manual,,,,,,,,creator,,3441,,garmin,,3304429333,13.0,local,2025-03-26 23:32:16,,,,,,,"(None, None, None, None, None, None)",,,,,
90,1535.91,103.0,3.882,0.0,173,298105061,1446997805,29,2025-03-26 23:40:07,,108,173,0.0,0.0,activity,,stop,2025-03-27 07:43:00,1,2025-03-26 23:43:00,570.537,manual,,,,,,,,creator,,3441,,garmin,,3304429333,13.0,local,2025-03-26 23:32:16,,,,,,,"(None, None, None, None, None, None)",,,,,
89,1540.28,103.0,4.012,0.0,174,298105075,1446997288,29,2025-03-26 23:40:08,,108,174,0.0,0.0,activity,,stop,2025-03-27 07:43:00,1,2025-03-26 23:43:00,570.537,manual,,,,,,,,creator,,3441,,garmin,,3304429333,13.0,local,2025-03-26 23:32:16,,,,,,,"(None, None, None, None, None, None)",,,,,
89,1561.69,103.39999999999998,4.078,0.0,175,298104996,1446994736,29,2025-03-26 23:40:14,,108,175,894.0,0.0,activity,,stop,2025-03-27 07:43:00,1,2025-03-26 23:43:00,570.537,manual,,,,,,,,creator,,3441,,garmin,,3304429333,13.0,local,2025-03-26 23:32:16,,,,,,,"(None, None, None, None, None, None)",,,,,
90,1569.27,103.39999999999998,4.096,0.0,174,298105042,1446993842,29,2025-03-26 23:40:16,,108,174,0.0,1.0,activity,,stop,2025-03-27 07:43:00,1,2025-03-26 23:43:00,570.537,manual,,,,,,,,creator,,3441,,garmin,,3304429333,13.0,local,2025-03-26 23:32:16,,,,,,,"(None, None, None, None, None, None)",,,,,
90,1573.76,103.39999999999998,4.096,0.0,175,298105078,1446993310,29,2025-03-26 23:40:17,,129,175,0.0,1.0,activity,,stop,2025-03-27 07:43:00,1,2025-03-26 23:43:00,570.537,manual,,,,,,,,creator,,3441,,garmin,,3304429333,13.0,local,2025-03-26 23:32:16,,,,,,,"(None, None, None, None, None, None)",,,,,
88,1595.45,103.39999999999998,4.087,0.0,176,298105175,1446990748,29,2025-03-26 23:40:22,,129,176,0.0,1.0,activity,,stop,2025-03-27 07:43:00,1,2025-03-26 23:43:00,570.537,manual,,,,,,,,creator,,3441,,garmin,,3304429333,13.0,local,2025-03-26 23:32:16,,,,,,,"(None, None, None, None, None, None)",,,,,
90,1606.48,102.79999999999995,4.078,0.0,178,298105135,1446989447,29,2025-03-26 23:40:25,,108,178,0.0,1.0,activity,,stop,2025-03-27 07:43:00,1,2025-03-26 23:43:00,570.537,manual,,,,,,,,creator,,3441,,garmin,,3304429333,13.0,local,2025-03-26 23:32:16,,,,,,,"(None, None, None, None, None, None)",,,,,
90,1610.08,102.79999999999995,4.087,0.0,175,298105000,1446989047,29,2025-03-26 23:40:26,,108,175,0.0,1.0,activity,,stop,2025-03-27 07:43:00,1,2025-03-26 23:43:00,570.537,manual,,,,,,,,creator,,3441,,garmin,,3304429333,13.0,local,2025-03-26 23:32:16,,,,,,,"(None, None, None, None, None, None)",,,,,
89,1624.74,102.79999999999995,4.096,0.0,175,298104169,1446987591,29,2025-03-26 23:40:30,,108,175,0.0,1.0,activity,,stop,2025-03-27 07:43:00,1,2025-03-26 23:43:00,570.537,manual,,,,,,,,creator,,3441,,garmin,,3304429333,13.0,local,2025-03-26 23:32:16,,,,,,,"(None, None, None, None, None, None)",,,,,
90,1644.11,104.20000000000005,4.012,0.0,176,298102284,1446986808,29,2025-03-26 23:40:35,,108,176,0.0,1.0,activity,,stop,2025-03-27 07:43:00,1,2025-03-26 23:43:00,570.537,manual,,,,,,,,creator,,3441,,garmin,,3304429333,13.0,local,2025-03-26 23:32:16,,,,,,,"(None, None, None, None, None, None)",,,,,
89,1663.08,104.0,3.9,0.0,177,298100492,1446987826,29,2025-03-26 23:40:40,,108,177,0.0,1.0,activity,,stop,2025-03-27 07:43:00,1,2025-03-26 23:43:00,570.537,manual,,,,,,,,creator,,3441,,garmin,,3304429333,13.0,local,2025-03-26 23:32:16,,,,,,,"(None, None, None, None, None, None)",,,,,
89,1675.08,102.79999999999995,3.798,0.0,178,298099883,1446989091,29,2025-03-26 23:40:43,,88,178,0.0,1.0,activity,,stop,2025-03-27 07:43:00,1,2025-03-26 23:43:00,570.537,manual,,,,,,,,creator,,3441,,garmin,,3304429333,13.0,local,2025-03-26 23:32:16,,,,,,,"(None, None, None, None, None, None)",,,,,
89,1683.51,102.79999999999995,3.798,0.0,178,298099801,1446990100,29,2025-03-26 23:40:45,,88,178,0.0,1.0,activity,,stop,2025-03-27 07:43:00,1,2025-03-26 23:43:00,570.537,manual,,,,,,,,creator,,3441,,garmin,,3304429333,13.0,local,2025-03-26 23:32:16,,,,,,,"(None, None, None, None, None, None)",,,,,
90,1704.91,103.60000000000002,3.835,0.0,181,298099851,1446992649,29,2025-03-26 23:40:50,,88,181,894.0,1.0,activity,,stop,2025-03-27 07:43:00,1,2025-03-26 23:43:00,570.537,manual,,,,,,,,creator,,3441,,garmin,,3304429333,13.0,local,2025-03-26 23:32:16,,,,,,,"(None, None, None, None, None, None)",,,,,
89,1717.81,103.39999999999998,3.863,0.0,181,298099728,1446994184,29,2025-03-26 23:40:53,,88,181,894.0,1.0,activity,,stop,2025-03-27 07:43:00,1,2025-03-26 23:43:00,570.537,manual,,,,,,,,creator,,3441,,garmin,,3304429333,13.0,local,2025-03-26 23:32:16,,,,,,,"(None, None, None, None, None, None)",,,,,
89,1730.44,103.39999999999998,3.9,0.0,181,298099737,1446995679,29,2025-03-26 23:40:56,,162,181,0.0,0.0,activity,,stop,2025-03-27 07:43:00,1,2025-03-26 23:43:00,570.537,manual,,,,,,,,creator,,3441,,garmin,,3304429333,13.0,local,2025-03-26 23:32:16,,,,,,,"(None, None, None, None, None, None)",,,,,
86,1751.37,103.0,3.938,0.0,182,298099636,1446998146,29,2025-03-26 23:41:01,,147,182,0.0,0.0,activity,,stop,2025-03-27 07:43:00,1,2025-03-26 23:43:00,570.537,manual,,,,,,,,creator,,3441,,garmin,,3304429333,13.0,local,2025-03-26 23:32:16,,,,,,,"(None, None, None, None, None, None)",,,,,
86,1773.74,103.39999999999998,3.956,0.0,180,298099851,1447000715,29,2025-03-26 23:41:07,,147,180,0.0,0.0,activity,,stop,2025-03-27 07:43:00,1,2025-03-26 23:43:00,570.537,manual,,,,,,,,creator,,3441,,garmin,,3304429333,13.0,local,2025-03-26 23:32:16,,,,,,,"(None, None, None, None, None, None)",,,,,
86,1777.89,103.60000000000002,3.956,0.0,180,298100145,1447001127,29,2025-03-26 23:41:08,,147,180,0.0,0.0,activity,,stop,2025-03-27 07:43:00,1,2025-03-26 23:43:00,570.537,manual,,,,,,,,creator,,3441,,garmin,,3304429333,13.0,local,2025-03-26 23:32:16,,,,,,,"(None, None, None, None, None, None)",,,,,
87,1781.88,104.20000000000005,3.947,0.0,180,298100444,1447001471,29,2025-03-26 23:41:09,,147,180,0.0,0.0,activity,,stop,2025-03-27 07:43:00,1,2025-03-26 23:43:00,570.537,manual,,,,,,,,creator,,3441,,garmin,,3304429333,13.0,local,2025-03-26 23:32:16,,,,,,,"(None, None, None, None, None, None)",,,,,
89,1795.98,104.79999999999995,3.919,0.0,179,298101869,1447002064,29,2025-03-26 23:41:13,,176,179,0.0,0.0,activity,,stop,2025-03-27 07:43:00,1,2025-03-26 23:43:00,570.537,manual,,,,,,,,creator,,3441,,garmin,,3304429333,13.0,local,2025-03-26 23:32:16,,,,,,,"(None, None, None, None, None, None)",,,,,
87,1811.64,104.39999999999998,3.91,0.0,180,298103479,1447001402,29,2025-03-26 23:41:17,,176,180,0.0,0.0,activity,,stop,2025-03-27 07:43:00,1,2025-03-26 23:43:00,570.537,manual,,,,,,,,creator,,3441,,garmin,,3304429333,13.0,local,2025-03-26 23:32:16,,,,,,,"(None, None, None, None, None, None)",,,,,
87,1820.4,104.0,3.9,0.0,181,298104191,1447000693,29,2025-03-26 23:41:19,,176,181,0.0,0.0,activity,,stop,2025-03-27 07:43:00,1,2025-03-26 23:43:00,570.537,manual,,,,,,,,creator,,3441,,garmin,,3304429333,13.0,local,2025-03-26 23:32:16,,,,,,,"(None, None, None, None, None, None)",,,,,
88,1828.68,103.0,3.882,0.0,181,298104685,1446999882,29,2025-03-26 23:41:21,,176,181,0.0,0.0,activity,,stop,2025-03-27 07:43:00,1,2025-03-26 23:43:00,570.537,manual,,,,,,,,creator,,3441,,garmin,,3304429333,13.0,local,2025-03-26 23:32:16,,,,,,,"(None, None, None, None, None, None)",,,,,
88,1832.6,103.0,3.882,0.0,181,298104846,1446999449,29,2025-03-26 23:41:22,,176,181,0.0,0.0,activity,,stop,2025-03-27 07:43:00,1,2025-03-26 23:43:00,570.537,manual,,,,,,,,creator,,3441,,garmin,,3304429333,13.0,local,2025-03-26 23:32:16,,,,,,,"(None, None, None, None, None, None)",,,,,
86,1848.01,103.0,3.872,0.0,181,298104747,1446997599,29,2025-03-26 23:41:26,,176,181,0.0,0.0,activity,,stop,2025-03-27 07:43:00,1,2025-03-26 23:43:00,570.537,manual,,,,,,,,creator,,3441,,garmin,,3304429333,13.0,local,2025-03-26 23:32:16,,,,,,,"(None, None, None, None, None, None)",,,,,
86,1869.04,103.39999999999998,3.844,0.0,181,298104717,1446995109,29,2025-03-26 23:41:32,,176,181,0.0,0.0,activity,,stop,2025-03-27 07:43:00,1,2025-03-26 23:43:00,570.537,manual,,,,,,,,creator,,3441,,garmin,,3304429333,13.0,local,2025-03-26 23:32:16,,,,,,,"(None, None, None, None, None, None)",,,,,
86,1872.78,103.39999999999998,3.835,0.0,182,298104756,1446994669,29,2025-03-26 23:41:33,,176,182,0.0,0.0,activity,,stop,2025-03-27 07:43:00,1,2025-03-26 23:43:00,570.537,manual,,,,,,,,creator,,3441,,garmin,,3304429333,13.0,local,2025-03-26 23:32:16,,,,,,,"(None, None, None, None, None, None)",,,,,
85,1894.96,103.39999999999998,3.788,0.0,181,298104820,1446992052,29,2025-03-26 23:41:39,,147,181,0.0,0.0,activity,,stop,2025-03-27 07:43:00,1,2025-03-26 23:43:00,570.537,manual,,,,,,,,creator,,3441,,garmin,,3304429333,13.0,local,2025-03-26 23:32:16,,,,,,,"(None, None, None, None, None, None)",,,,,
87,1906.82,103.39999999999998,3.779,0.0,182,298104903,1446990640,29,2025-03-26 23:41:42,,108,182,0.0,0.0,activity,,stop,2025-03-27 07:43:00,1,2025-03-26 23:43:00,570.537,manual,,,,,,,,creator,,3441,,garmin,,3304429333,13.0,local,2025-03-26 23:32:16,,,,,,,"(None, None, None, None, None, None)",,,,,
83,1916.61,104.20000000000005,3.788,0.5,182,298105079,1446989549,29,2025-03-26 23:41:45,,108,182,0.0,0.0,activity,,stop,2025-03-27 07:43:00,1,2025-03-26 23:43:00,570.537,manual,,,,,,,,creator,,3441,,garmin,,3304429333,13.0,local,2025-03-26 23:32:16,,,,,,,"(None, None, None, None, None, None)",,,,,
83,1919.86,104.79999999999995,3.77,0.5,182,298105359,1446989499,29,2025-03-26 23:41:47,,108,182,,0.0,activity,,stop,2025-03-27 07:43:00,1,2025-03-26 23:43:00,570.537,manual,,,,,,,,creator,,3441,,garmin,,3304429333,13.0,local,2025-03-26 23:32:16,,,,,,,"(None, None, None, None, None, None)",,,,,
0,1923.61,104.0,1.129,0.0,182,298105526,1446989997,29,2025-03-26 23:41:50,,108,182,,0.0,activity,,stop,2025-03-27 07:43:00,1,2025-03-26 23:43:00,570.537,manual,,,,,,,,creator,,3441,,garmin,,3304429333,13.0,local,2025-03-26 23:32:16,,,,,,,"(None, None, None, None, None, None)",,,,,
0,1925.03,104.0,1.064,0.0,181,298105586,1446990184,29,2025-03-26 23:41:51,,32,181,,0.0,activity,,stop,2025-03-27 07:43:00,1,2025-03-26 23:43:00,570.537,manual,,,,,,,,creator,,3441,,garmin,,3304429333,13.0,local,2025-03-26 23:32:16,,,,,,,"(None, None, None, None, None, None)",,,,,
58,1929.38,104.0,1.334,0.0,180,298105806,1446990588,29,2025-03-26 23:41:54,,32,180,0.0,0.0,activity,,stop,2025-03-27 07:43:00,1,2025-03-26 23:43:00,570.537,manual,,,,,,,,creator,,3441,,garmin,,3304429333,13.0,local,2025-03-26 23:32:16,,,,,,,"(None, None, None, None, None, None)",,,,,
56,1932.23,103.79999999999995,1.138,0.5,180,298105968,1446990875,29,2025-03-26 23:41:57,,32,180,0.0,0.0,activity,,stop,2025-03-27 07:43:00,1,2025-03-26 23:43:00,570.537,manual,,,,,,,,creator,,3441,,garmin,,3304429333,13.0,local,2025-03-26 23:32:16,,,,,,,"(None, None, None, None, None, None)",,,,,
56,1933.87,103.0,1.138,0.0,180,298105938,1446991069,29,2025-03-26 23:41:58,,32,180,0.0,0.0,activity,,stop,2025-03-27 07:43:00,1,2025-03-26 23:43:00,570.537,manual,,,,,,,,creator,,3441,,garmin,,3304429333,13.0,local,2025-03-26 23:32:16,,,,,,,"(None, None, None, None, None, None)",,,,,
0,1943.41,103.39999999999998,1.185,0.0,176,298105738,1446992174,29,2025-03-26 23:42:03,,18,176,0.0,0.0,activity,,stop,2025-03-27 07:43:00,1,2025-03-26 23:43:00,570.537,manual,,,,,,,,creator,,3441,,garmin,,3304429333,13.0,local,2025-03-26 23:32:16,,,,,,,"(None, None, None, None, None, None)",,,,,
0,1946.78,103.39999999999998,1.176,0.0,175,298105612,1446992562,29,2025-03-26 23:42:05,,25,175,0.0,0.0,activity,,stop,2025-03-27 07:43:00,1,2025-03-26 23:43:00,570.537,manual,,,,,,,,creator,,3441,,garmin,,3304429333,13.0,local,2025-03-26 23:32:16,,,,,,,"(None, None, None, None, None, None)",,,,,
0,1956.47,103.60000000000002,1.166,0.0,173,298105588,1446993721,29,2025-03-26 23:42:12,,25,173,0.0,0.0,activity,,stop,2025-03-27 07:43:00,1,2025-03-26 23:43:00,570.537,manual,,,,,,,,creator,,3441,,garmin,,3304429333,13.0,local,2025-03-26 23:32:16,,,,,,,"(None, None, None, None, None, None)",,,,,
0,1961.38,103.39999999999998,1.166,0.0,170,298105727,1446994267,29,2025-03-26 23:42:15,,12,170,0.0,0.0,activity,,stop,2025-03-27 07:43:00,1,2025-03-26 23:43:00,570.537,manual,,,,,,,,creator,,3441,,garmin,,3304429333,13.0,local,2025-03-26 23:32:16,,,,,,,"(None, None, None, None, None, None)",,,,,
0,1964.43,103.39999999999998,1.101,0.0,167,298105691,1446994658,29,2025-03-26 23:42:17,,25,167,0.0,0.0,activity,,stop,2025-03-27 07:43:00,1,2025-03-26 23:43:00,570.537,manual,,,,,,,,creator,,3441,,garmin,,3304429333,13.0,local,2025-03-26 23:32:16,,,,,,,"(None, None, None, None, None, None)",,,,,
0,1966.29,103.39999999999998,1.045,0.0,165,298105666,1446994885,29,2025-03-26 23:42:19,,18,165,0.0,0.0,activity,,stop,2025-03-27 07:43:00,1,2025-03-26 23:43:00,570.537,manual,,,,,,,,creator,,3441,,garmin,,3304429333,13.0,local,2025-03-26 23:32:16,,,,,,,"(None, None, None, None, None, None)",,,,,
54,1969.91,103.39999999999998,1.12,0.0,164,298105800,1446995215,29,2025-03-26 23:42:23,,25,164,0.0,0.0,activity,,stop,2025-03-27 07:43:00,1,2025-03-26 23:43:00,570.537,manual,,,,,,,,creator,,3441,,garmin,,3304429333,13.0,local,2025-03-26 23:32:16,,,,,,,"(None, None, None, None, None, None)",,,,,
0,1970.87,103.39999999999998,1.129,0.0,162,298105837,1446995268,29,2025-03-26 23:42:25,,18,162,0.0,0.0,activity,,stop,2025-03-27 07:43:00,1,2025-03-26 23:43:00,570.537,manual,,,,,,,,creator,,3441,,garmin,,3304429333,13.0,local,2025-03-26 23:32:16,,,,,,,"(None, None, None, None, None, None)",,,,,
0,1972.8,103.39999999999998,1.054,0.0,159,298105696,1446995484,29,2025-03-26 23:42:27,,18,159,0.0,0.0,activity,,stop,2025-03-27 07:43:00,1,2025-03-26 23:43:00,570.537,manual,,,,,,,,creator,,3441,,garmin,,3304429333,13.0,local,2025-03-26 23:32:16,,,,,,,"(None, None, None, None, None, None)",,,,,
0,1973.78,103.39999999999998,0.989,0.0,158,298105669,1446995622,29,2025-03-26 23:42:28,,18,158,0.0,0.0,activity,,stop,2025-03-27 07:43:00,1,2025-03-26 23:43:00,570.537,manual,,,,,,,,creator,,3441,,garmin,,3304429333,13.0,local,2025-03-26 23:32:16,,,,,,,"(None, None, None, None, None, None)",,,,,
0,1976.34,103.39999999999998,0.0,0.0,156,298105807,1446995914,29,2025-03-26 23:42:30,,18,156,0.0,0.0,activity,,stop,2025-03-27 07:43:00,1,2025-03-26 23:43:00,570.537,manual,,,,,,,,creator,,3441,,garmin,,3304429333,13.0,local,2025-03-26 23:32:16,,,,,,,"(None, None, None, None, None, None)",,,,,
61,1983.05,103.0,0.653,0.5,155,298105697,1446996696,29,2025-03-26 23:42:37,,12,155,0.0,0.0,activity,,stop,2025-03-27 07:43:00,1,2025-03-26 23:43:00,570.537,manual,,,,,,,,creator,,3441,,garmin,,3304429333,13.0,local,2025-03-26 23:32:16,,,,,,,"(None, None, None, None, None, None)",,,,,
56,1988.18,103.0,0.98,0.0,151,298105560,1446997303,29,2025-03-26 23:42:40,,25,151,0.0,0.0,activity,,stop,2025-03-27 07:43:00,1,2025-03-26 23:43:00,570.537,manual,,,,,,,,creator,,3441,,garmin,,3304429333,13.0,local,2025-03-26 23:32:16,,,,,,,"(None, None, None, None, None, None)",,,,,
56,1991.09,103.0,1.129,0.0,148,298105444,1446997624,29,2025-03-26 23:42:42,,25,148,0.0,0.0,activity,,stop,2025-03-27 07:43:00,1,2025-03-26 23:43:00,570.537,manual,,,,,,,,creator,,3441,,garmin,,3304429333,13.0,local,2025-03-26 23:32:16,,,,,,,"(None, None, None, None, None, None)",,,,,
54,1994.48,103.20000000000005,1.157,0.0,148,298105387,1446998018,29,2025-03-26 23:42:45,,25,148,0.0,0.0,activity,,stop,2025-03-27 07:43:00,1,2025-03-26 23:43:00,570.537,manual,,,,,,,,creator,,3441,,garmin,,3304429333,13.0,local,2025-03-26 23:32:16,,,,,,,"(None, None, None, None, None, None)",,,,,
55,2000.84,103.0,1.204,0.0,145,298105197,1446998744,29,2025-03-26 23:42:50,,18,145,0.0,0.0,activity,,stop,2025-03-27 07:43:00,1,2025-03-26 23:43:00,570.537,manual,,,,,,,,creator,,3441,,garmin,,3304429333,13.0,local,2025-03-26 23:32:16,,,,,,,"(None, None, None, None, None, None)",,,,,
55,2002.43,103.0,1.213,0.0,145,298105198,1446998933,29,2025-03-26 23:42:51,,18,145,,0.0,activity,,stop,2025-03-27 07:43:00,1,2025-03-26 23:43:00,570.537,manual,,,,,,,,creator,,3441,,garmin,,3304429333,13.0,local,2025-03-26 23:32:16,,,,,,,"(None, None, None, None, None, None)",,,,,
